<mapper namespace="com.lagou.dao.IUserDao">

    <!--sql的唯一标识：namespace.id来组成 ： statementId-->
    <select id="findAll" resultType="com.lagou.pojo.User" >
        select * from user
    </select>


    <!--
        User user = new User()
        user.setId(1);
        user.setUsername("zhangsan")
    -->
    <select id="findByCondition" resultType="com.lagou.pojo.User" paramterType="com.lagou.pojo.User">
        select * from user where id = #{id} and username = #{username}
    </select>

    <update id="updateByCondition" paramterType="com.lagou.pojo.User">
        UPDATE
        user
        SET
        userName = #{userName}
        WHERE
        id=#{id}
    </update>

    <update id="deleteUserById" paramterType="java.lang.Integer">
        delete from user where id = #{id}
    </update>
</mapper>